,precision,recall,f1-score,support
NOT,0.8935732345504792,0.9830519438514781,0.9361793876670979,15459.0
Readmitted,0.14098360655737704,0.023205612520237454,0.03985171455050973,1853.0
micro avg,0.8803142329020333,0.8803142329020333,0.8803142329020333,17312.0
macro avg,0.5172784205539281,0.5031287781858578,0.4880155511088038,17312.0
weighted avg,0.8130193655191011,0.8803142329020333,0.84024043328372,17312.0
samples avg,0.8803142329020333,0.8803142329020333,0.8803142329020333,17312.0
