,precision,recall,f1-score,support
NOT,0.893212353864945,0.9930164888457808,0.9404740033069998,15465.0
Readmitted,0.09243697478991597,0.005955603681645912,0.011190233977619533,1847.0
micro avg,0.8877079482439926,0.8877079482439926,0.8877079482439926,17312.0
macro avg,0.4928246643274305,0.49948604626371335,0.4758321186423097,17312.0
weighted avg,0.8077784279666329,0.8877079482439926,0.8413296455233026,17312.0
samples avg,0.8877079482439926,0.8877079482439926,0.8877079482439926,17312.0
