,precision,recall,f1-score,support
NOT,0.8906240895052736,0.9918234912394549,0.9385035768014491,15410.0
Readmitted,0.16556291390728478,0.013144058885383806,0.024354603019970774,1902.0
micro avg,0.8842999075785583,0.8842999075785583,0.8842999075785583,17312.0
macro avg,0.5280935017062792,0.5024837750624194,0.48142908991070993,17312.0
weighted avg,0.8109645264283688,0.8842999075785583,0.8380696957864091,17312.0
samples avg,0.8842999075785583,0.8842999075785583,0.8842999075785583,17312.0
