,precision,recall,f1-score,support
NOT,0.8896483809303134,0.9972079735082138,0.9403624785696791,15401.0
Readmitted,0.12244897959183673,0.0031397174254317113,0.006122448979591837,1911.0
micro avg,0.8874768946395564,0.8874768946395564,0.8874768946395564,17312.0
macro avg,0.5060486802610751,0.5001738454668228,0.47324246377463547,17312.0
weighted avg,0.80496041559079,0.8874768946395564,0.8372355899059398,17312.0
samples avg,0.8874768946395564,0.8874768946395564,0.8874768946395564,17312.0
