,precision,recall,f1-score,support
NOT,0.8921330089213301,0.9974093264248705,0.9418384196685218,15440.0
Readmitted,0.2,0.005341880341880342,0.01040582726326743,1872.0
micro avg,0.890134011090573,0.890134011090573,0.890134011090573,17312.0
macro avg,0.5460665044606651,0.5013756033833754,0.4761221234658946,17312.0
weighted avg,0.8172905301377851,0.890134011090573,0.8411197382346819,17312.0
samples avg,0.890134011090573,0.890134011090573,0.890134011090573,17312.0
