,precision,recall,f1-score,support
NOT,0.8886898225741201,0.9996749447406059,0.9409209117332109,15382.0
Readmitted,0.4444444444444444,0.002072538860103627,0.0041258380608561115,1930.0
micro avg,0.8884588724584104,0.8884588724584104,0.8884588724584104,17312.0
macro avg,0.6665671335092822,0.5008737418003548,0.4725233748970335,17312.0
weighted avg,0.839163853316364,0.8884588724584104,0.8364838454099874,17312.0
samples avg,0.8884588724584104,0.8884588724584104,0.8884588724584104,17312.0
