,precision,recall,f1-score,support
NOT,0.8919028810408922,0.9944948186528497,0.9404091131798138,15440.0
Readmitted,0.11458333333333333,0.005876068376068376,0.011178861788617886,1872.0
micro avg,0.8875924214417745,0.8875924214417745,0.8875924214417745,17312.0
macro avg,0.5032431071871127,0.500185443514459,0.47579398748421586,17312.0
weighted avg,0.8078489188580971,0.8875924214417745,0.839928577678178,17312.0
samples avg,0.8875924214417745,0.8875924214417745,0.8875924214417745,17312.0
