,precision,recall,f1-score,support
NOT,0.8930697647534824,0.9992885784503945,0.9431981198302962,15462.0
Readmitted,0.0,0.0,0.0,1850.0
micro avg,0.8925023105360443,0.8925023105360443,0.8925023105360443,17312.0
macro avg,0.4465348823767412,0.49964428922519727,0.4715990599151481,17312.0
weighted avg,0.7976342827298027,0.8925023105360443,0.8424058068863239,17312.0
samples avg,0.8925023105360443,0.8925023105360443,0.8925023105360443,17312.0
