,precision,recall,f1-score,support
NOT,0.8913484383148867,0.9966953929890494,0.9410828999694096,15433.0
Readmitted,0.07272727272727272,0.0021287919105907396,0.004136504653567736,1879.0
micro avg,0.8887476894639557,0.8887476894639557,0.8887476894639557,17312.0
macro avg,0.48203785552107975,0.4994120924498201,0.4726097023114887,17312.0
weighted avg,0.8024974002985323,0.8887476894639557,0.8393891455332689,17312.0
samples avg,0.8887476894639557,0.8887476894639557,0.8887476894639557,17312.0
