,precision,recall,f1-score,support
NOT,0.8934127580822393,0.9988361567308935,0.9431877156027719,15466.0
Readmitted,0.14285714285714285,0.0016251354279523294,0.0032137118371719335,1846.0
micro avg,0.8925023105360443,0.8925023105360443,0.8925023105360443,17312.0
macro avg,0.518134950469691,0.5002306460794229,0.4732007137199719,17312.0
weighted avg,0.8133800833071972,0.8925023105360443,0.8429571234729604,17312.0
samples avg,0.8925023105360443,0.8925023105360443,0.8925023105360443,17312.0
