,precision,recall,f1-score,support
NOT,0.892322800531454,0.999935266701191,0.9430690802527549,15448.0
Readmitted,0.0,0.0,0.0,1864.0
micro avg,0.8922712569316081,0.8922712569316081,0.8922712569316082,17312.0
macro avg,0.446161400265727,0.4999676333505955,0.47153454012637747,17312.0
weighted avg,0.7962455304187789,0.8922712569316081,0.8415279084880175,17312.0
samples avg,0.8922712569316081,0.8922712569316081,0.8922712569316081,17312.0
