,precision,recall,f1-score,support
NOT,0.8929066543438078,1.0,0.9434238632895942,15458.0
Readmitted,0.0,0.0,0.0,1854.0
micro avg,0.8929066543438078,0.8929066543438078,0.8929066543438077,17312.0
macro avg,0.4464533271719039,0.5,0.4717119316447971,17312.0
weighted avg,0.7972822933714522,0.8929066543438078,0.8423894453980214,17312.0
samples avg,0.8929066543438078,0.8929066543438078,0.8929066543438078,17312.0
