,precision,recall,f1-score,support
NOT,0.8919574763115322,0.9997409661960885,0.9427786259541985,15442.0
Readmitted,0.0,0.0,0.0,1870.0
micro avg,0.8917513863216266,0.8917513863216266,0.8917513863216266,17312.0
macro avg,0.4459787381557661,0.49987048309804427,0.47138931297709924,17312.0
weighted avg,0.7956104060306539,0.8917513863216266,0.840941979088767,17312.0
samples avg,0.8917513863216266,0.8917513863216266,0.8917513863216266,17312.0
