,precision,recall,f1-score,support
NOT,0.89521719038817,1.0,0.9447119780554709,15498.0
Readmitted,0.0,0.0,0.0,1814.0
micro avg,0.89521719038817,0.89521719038817,0.89521719038817,17312.0
macro avg,0.447608595194085,0.5,0.47235598902773546,17312.0
weighted avg,0.8014138179664891,0.89521719038817,0.8457224027208693,17312.0
samples avg,0.89521719038817,0.89521719038817,0.89521719038817,17312.0
