,precision,recall,f1-score,support
NOT,0.8896408120770432,0.9988310929281122,0.9410792951541851,15399.0
Readmitted,0.21739130434782608,0.0026136957658128594,0.005165289256198347,1913.0
micro avg,0.8887476894639557,0.8887476894639557,0.8887476894639557,17312.0
macro avg,0.5535160582124347,0.5007223943469625,0.4731222922051917,17312.0
weighted avg,0.8153563095189337,0.8887476894639557,0.8376595000246305,17312.0
samples avg,0.8887476894639557,0.8887476894639557,0.8887476894639557,17312.0
