,precision,recall,f1-score,support
NOT,0.8915780961182994,1.0,0.9426817723760954,15435.0
Readmitted,0.0,0.0,0.0,1877.0
micro avg,0.8915780961182994,0.8915780961182994,0.8915780961182994,17312.0
macro avg,0.4457890480591497,0.5,0.4713408861880477,17312.0
weighted avg,0.7949115014779317,0.8915780961182994,0.8404744198605032,17312.0
samples avg,0.8915780961182994,0.8915780961182994,0.8915780961182994,17312.0
