,precision,recall,f1-score,support
NOT,0.8952050837666089,0.9998709510904633,0.9446476469153864,15498.0
Readmitted,0.0,0.0,0.0,1814.0
micro avg,0.8951016635859519,0.8951016635859519,0.8951016635859519,17312.0
macro avg,0.44760254188330445,0.49993547554523166,0.4723238234576932,17312.0
weighted avg,0.80140297991075,0.8951016635859519,0.8456648123783883,17312.0
samples avg,0.8951016635859519,0.8951016635859519,0.8951016635859519,17312.0
