,precision,recall,f1-score,support
NOT,0.8925228244539466,0.9996763963497508,0.943065604298318,15451.0
Readmitted,0.16666666666666666,0.0005373455131649651,0.0010712372790573112,1861.0
micro avg,0.8922712569316081,0.8922712569316081,0.8922712569316082,17312.0
macro avg,0.5295947455603066,0.5001068709314579,0.47206842078868766,17312.0
weighted avg,0.8144949646086296,0.8922712569316081,0.8418033863556861,17312.0
samples avg,0.8922712569316081,0.8922712569316081,0.8922712569316081,17312.0
