,precision,recall,f1-score,support
NOT,0.8954697792673061,0.9997419521321205,0.9447374036028896,15501.0
Readmitted,0.3333333333333333,0.0011043622308117063,0.002201430930104568,1811.0
micro avg,0.8952749537892791,0.8952749537892791,0.8952749537892791,17312.0
macro avg,0.6144015563003197,0.5004231571814661,0.4734694172664971,17312.0
weighted avg,0.8366649558161493,0.8952749537892791,0.8461391684763638,17312.0
samples avg,0.8952749537892791,0.8952749537892791,0.8952749537892791,17312.0
