,precision,recall,f1-score,support
NOT,0.8963140370348736,0.9891059111712757,0.9404265751409658,15513.0
Readmitted,0.12435233160621761,0.013340744858254585,0.024096385542168672,1799.0
micro avg,0.8877079482439926,0.8877079482439926,0.8877079482439926,17312.0
macro avg,0.5103331843205456,0.5012233280147651,0.48226148034156724,17312.0
weighted avg,0.8160945876317918,0.8877079482439926,0.8452048785670151,17312.0
samples avg,0.8877079482439926,0.8877079482439926,0.8877079482439926,17312.0
