,precision,recall,f1-score,support
NOT,0.8904877484974573,0.9995459263103269,0.9418704156479217,15416.0
Readmitted,0.125,0.0005274261603375527,0.0010504201680672268,1896.0
micro avg,0.890134011090573,0.890134011090573,0.890134011090573,17312.0
macro avg,0.5077438742487286,0.5000366762353322,0.4714604179079945,17312.0
weighted avg,0.8066519830658966,0.890134011090573,0.8388323662353869,17312.0
samples avg,0.890134011090573,0.890134011090573,0.890134011090573,17312.0
