,precision,recall,f1-score,support
NOT,0.8917903980588133,0.9998056868968197,0.9427140588738243,15439.0
Readmitted,0.0,0.0,0.0,1873.0
micro avg,0.8916358595194085,0.8916358595194085,0.8916358595194085,17312.0
macro avg,0.44589519902940666,0.49990284344840985,0.47135702943691216,17312.0
weighted avg,0.7953068366237304,0.8916358595194085,0.8407210232759342,17312.0
samples avg,0.8916358595194085,0.8916358595194085,0.8916358595194085,17312.0
