,precision,recall,f1-score,support
NOT,0.8917966493356442,0.9999352247700479,0.9427751313057285,15438.0
Readmitted,0.5,0.0005336179295624333,0.0010660980810234544,1874.0
micro avg,0.8917513863216266,0.8917513863216266,0.8917513863216266,17312.0
macro avg,0.6958983246678221,0.5002344213498052,0.471920614693376,17312.0
weighted avg,0.8493852052012288,0.8917513863216266,0.840836433970753,17312.0
samples avg,0.8917513863216266,0.8917513863216266,0.8917513863216266,17312.0
