,precision,recall,f1-score,support
NOT,0.8924712544057318,0.9997411003236246,0.943065604298318,15450.0
Readmitted,0.2,0.0005370569280343716,0.0010712372790573112,1862.0
micro avg,0.8922712569316081,0.8922712569316081,0.8922712569316082,17312.0
macro avg,0.5462356272028659,0.5001390786258295,0.47206842078868766,17312.0
weighted avg,0.8179921950420839,0.8922712569316081,0.8417489735572214,17312.0
samples avg,0.8922712569316081,0.8922712569316081,0.8922712569316081,17312.0
