,precision,recall,f1-score,support
NOT,0.8891075355943975,0.9979860975768207,0.9404058645281748,15393.0
Readmitted,0.08823529411764706,0.001563314226159458,0.0030721966205837174,1919.0
micro avg,0.8875346580406654,0.8875346580406654,0.8875346580406653,17312.0
macro avg,0.4886714148560223,0.49977470590149004,0.4717390305743792,17312.0
weighted avg,0.8003324760175788,0.8875346580406654,0.8365043332946567,17312.0
samples avg,0.8875346580406654,0.8875346580406654,0.8875346580406654,17312.0
