,precision,recall,f1-score,support
NOT,0.8916873664144186,0.9999352205739457,0.9427140588738244,15437.0
Readmitted,0.0,0.0,0.0,1875.0
micro avg,0.8916358595194085,0.8916358595194085,0.8916358595194085,17312.0
macro avg,0.4458436832072093,0.49996761028697284,0.4713570294369122,17312.0
weighted avg,0.795111938270528,0.8916358595194085,0.8406121145353066,17312.0
samples avg,0.8916358595194085,0.8916358595194085,0.8916358595194085,17312.0
