,precision,recall,f1-score,support
NOT,0.8926713674719685,0.9994176265044649,0.9430333374038344,15454.0
Readmitted,0.1,0.0005382131324004305,0.001070663811563169,1858.0
micro avg,0.8922134935304991,0.8922134935304991,0.8922134935304991,17312.0
macro avg,0.49633568373598425,0.49997791981843265,0.4720520006076988,17312.0
weighted avg,0.8075983891469386,0.8922134935304991,0.8419377593346085,17312.0
samples avg,0.8922134935304991,0.8922134935304991,0.8922134935304991,17312.0
