,precision,recall,f1-score,support
NOT,0.8922072670556294,1.0,0.9430333374038344,15445.0
Readmitted,1.0,0.0005356186395286556,0.0010706638115631692,1867.0
micro avg,0.8922134935304991,0.8922134935304991,0.8922134935304991,17312.0
macro avg,0.9461036335278147,0.5002678093197643,0.4720520006076988,17312.0
weighted avg,0.9038320956373727,0.8922134935304991,0.8414480606249083,17312.0
samples avg,0.8922134935304991,0.8922134935304991,0.8922134935304991,17312.0
