,precision,recall,f1-score,support
NOT,0.8880476245520749,0.9994145960712892,0.9404455869751499,15374.0
Readmitted,0.1,0.0005159958720330237,0.001026694045174538,1938.0
micro avg,0.8875924214417745,0.8875924214417745,0.8875924214417745,17312.0
macro avg,0.4940238122760374,0.4999652959716611,0.4707361405101622,17312.0
weighted avg,0.7998292617758548,0.8875924214417745,0.8352818962116164,17312.0
samples avg,0.8875924214417745,0.8875924214417745,0.8875924214417745,17312.0
