,precision,recall,f1-score,support
NOT,0.8921421131813447,0.9982518614438329,0.9422189629358022,15445.0
Readmitted,0.1,0.0016068559185859668,0.0031628887717448603,1867.0
micro avg,0.8907694085027726,0.8907694085027726,0.8907694085027726,17312.0
macro avg,0.49607105659067235,0.49992935868120947,0.47269092585377354,17312.0
weighted avg,0.8067141253515406,0.8907694085027726,0.8409471462500181,17312.0
samples avg,0.8907694085027726,0.8907694085027726,0.8907694085027726,17312.0
