,precision,recall,f1-score,support
NOT,0.8889466689778702,0.9997400740788875,0.9410937117690238,15389.0
Readmitted,0.2,0.0005200208008320333,0.0010373443983402492,1923.0
micro avg,0.8887476894639557,0.8887476894639557,0.8887476894639557,17312.0
macro avg,0.5444733344889351,0.5001300474398598,0.471065528083682,17312.0
weighted avg,0.8124191479263196,0.8887476894639557,0.8366731714239554,17312.0
samples avg,0.8887476894639557,0.8887476894639557,0.8887476894639557,17312.0
