,precision,recall,f1-score,support
NOT,0.8918481714714889,0.9998704579312132,0.9427751313057287,15439.0
Readmitted,0.3333333333333333,0.0005339028296849973,0.0010660980810234541,1873.0
micro avg,0.8917513863216266,0.8917513863216266,0.8917513863216266,17312.0
macro avg,0.6125907524024111,0.5002021803804491,0.47192061469337604,17312.0
weighted avg,0.8314219762408532,0.8917513863216266,0.8408908302873672,17312.0
samples avg,0.8917513863216266,0.8917513863216266,0.8917513863216266,17312.0
