,precision,recall,f1-score,support
NOT,0.8887476894639557,1.0,0.9410973148204783,15386.0
Readmitted,0.0,0.0,0.0,1926.0
micro avg,0.8887476894639557,0.8887476894639557,0.8887476894639557,17312.0
macro avg,0.44437384473197783,0.5,0.47054865741023916,17312.0
weighted avg,0.7898724555275197,0.8887476894639557,0.8363980641074329,17312.0
samples avg,0.8887476894639557,0.8887476894639557,0.8887476894639557,17312.0
