,precision,recall,f1-score,support
NOT,0.8919325011558021,0.9994819323921772,0.9426494839064313,15442.0
Readmitted,0.0,0.0,0.0,1870.0
micro avg,0.8915203327171903,0.8915203327171903,0.8915203327171903,17312.0
macro avg,0.44596625057790107,0.4997409661960886,0.47132474195321566,17312.0
weighted avg,0.7955881286303083,0.8915203327171903,0.8408267866499026,17312.0
samples avg,0.8915203327171903,0.8915203327171903,0.8915203327171903,17312.0
