,precision,recall,f1-score,support
NOT,0.8919512336048998,0.9996762077451108,0.9427463433997986,15442.0
Readmitted,0.0,0.0,0.0,1870.0
micro avg,0.8916936229205176,0.8916936229205176,0.8916936229205176,17312.0
macro avg,0.4459756168024499,0.4998381038725554,0.4713731716998993,17312.0
weighted avg,0.7956048376459602,0.8916936229205176,0.8409131836171263,17312.0
samples avg,0.8916936229205176,0.8916936229205176,0.8916936229205176,17312.0
