,precision,recall,f1-score,support
NOT,0.8919981498612396,0.9993522477004794,0.9426284597055049,15438.0
Readmitted,0.375,0.0032017075773745998,0.006349206349206349,1874.0
micro avg,0.8915203327171903,0.8915203327171903,0.8915203327171903,17312.0
macro avg,0.6334990749306197,0.501276977638927,0.4744888330273556,17312.0
weighted avg,0.8360338168644765,0.8915203327171903,0.841277528513863,17312.0
samples avg,0.8915203327171903,0.8915203327171903,0.8915203327171903,17312.0
